{
	"name": "pl_child_unzip_and_build_data_layers",
	"properties": {
		"activities": [
			{
				"name": "dbx_read_and_unzip",
				"type": "DatabricksNotebook",
				"dependsOn": [],
				"policy": {
					"timeout": "0.12:00:00",
					"retry": 0,
					"retryIntervalInSeconds": 30,
					"secureOutput": false,
					"secureInput": false
				},
				"userProperties": [],
				"typeProperties": {
					"notebookPath": "/Framework/layer_build/execute_layer_pre_proc_unzip",
					"baseParameters": {
						"filename": {
							"value": "@pipeline().parameters.file_name",
							"type": "Expression"
						},
						"filepath": {
							"value": "@pipeline().parameters.file_path",
							"type": "Expression"
						},
						"id_batch": {
							"value": "@pipeline().parameters.id_batch",
							"type": "Expression"
						},
						"id_src_file": {
							"value": "@pipeline().parameters.id_src_file",
							"type": "Expression"
						}
					}
				},
				"linkedServiceName": {
					"referenceName": "adb_linkedservice_for_databricks_with_unity",
					"type": "LinkedServiceReference"
				}
			},
			{
				"name": "ForEach_unzipped_file",
				"type": "ForEach",
				"dependsOn": [
					{
						"activity": "dbx_read_and_unzip",
						"dependencyConditions": [
							"Succeeded"
						]
					}
				],
				"userProperties": [],
				"typeProperties": {
					"items": {
						"value": "@split(string(activity('dbx_read_and_unzip').output.runOutput),';')",
						"type": "Expression"
					},
					"isSequential": false,
					"activities": [
						{
							"name": "execute_layer_build_for_input_file",
							"type": "ExecutePipeline",
							"dependsOn": [],
							"policy": {
								"secureInput": false
							},
							"userProperties": [],
							"typeProperties": {
								"pipeline": {
									"referenceName": "pl_layer_build",
									"type": "PipelineReference"
								},
								"waitOnCompletion": true,
								"parameters": {
									"filename": {
										"value": "@json(item()).filename",
										"type": "Expression"
									},
									"filepath": {
										"value": "@json(item()).filepath",
										"type": "Expression"
									},
									"id_batch": {
										"value": "@pipeline().parameters.id_batch",
										"type": "Expression"
									},
									"domn_area": {
										"value": "@pipeline().parameters.domn_area",
										"type": "Expression"
									}
								}
							}
						}
					]
				}
			}
		],
		"parameters": {
			"file_name": {
				"type": "string"
			},
			"file_path": {
				"type": "string"
			},
			"id_batch": {
				"type": "string"
			},
			"id_src_file": {
				"type": "string"
			},
			"domn_area": {
				"type": "string"
			}
		},
		"folder": {
			"name": "coupled_pipeline_structure"
		},
		"annotations": [
			"framework 2.0"
		]
	}
}