{
	"name": "pl_layer_build",
	"properties": {
		"activities": [
			{
				"name": "dbx_fetch_layer_details",
				"description": "identify the processing steps against the file in landing",
				"type": "DatabricksNotebook",
				"dependsOn": [],
				"policy": {
					"timeout": "0.12:00:00",
					"retry": 0,
					"retryIntervalInSeconds": 30,
					"secureOutput": false,
					"secureInput": false
				},
				"userProperties": [],
				"typeProperties": {
					"notebookPath": "/Framework/layer_build/fetch_layer_details",
					"baseParameters": {
						"filename": {
							"value": "@pipeline().parameters.filename",
							"type": "Expression"
						},
						"filepath": {
							"value": "@pipeline().parameters.filepath",
							"type": "Expression"
						}
					}
				},
				"linkedServiceName": {
					"referenceName": "adb_linkedservice_for_databricks_with_unity",
					"type": "LinkedServiceReference"
				}
			},
			{
				"name": "build_layers_until",
				"description": "iterative operation for all in-scope layers",
				"type": "Until",
				"dependsOn": [
					{
						"activity": "dbx_fetch_layer_details",
						"dependencyConditions": [
							"Succeeded"
						]
					}
				],
				"userProperties": [],
				"typeProperties": {
					"expression": {
						"value": "@or(variables('untill_flag'),lessOrEquals(length(activity('dbx_fetch_layer_details').output.runOutput),variables('v_counter')))",
						"type": "Expression"
					},
					"activities": [
						{
							"name": "dbx_execute_layer_step",
							"type": "DatabricksNotebook",
							"dependsOn": [],
							"policy": {
								"timeout": "0.12:00:00",
								"retry": 0,
								"retryIntervalInSeconds": 30,
								"secureOutput": false,
								"secureInput": false
							},
							"userProperties": [],
							"typeProperties": {
								"notebookPath": {
									"value": "@split(activity('dbx_fetch_layer_details').output.runOutput[variables('v_counter')],'~')[2]",
									"type": "Expression"
								},
								"baseParameters": {
									"id_src_file": {
										"value": "@split(activity('dbx_fetch_layer_details').output.runOutput[variables('v_counter')],'~')[0]",
										"type": "Expression"
									},
									"lvl_lyr": {
										"value": "@split(activity('dbx_fetch_layer_details').output.runOutput[variables('v_counter')],'~')[1]",
										"type": "Expression"
									},
									"filename": {
										"value": "@pipeline().parameters.filename",
										"type": "Expression"
									},
									"filepath": {
										"value": "@pipeline().parameters.filepath",
										"type": "Expression"
									},
									"id_batch": {
										"value": "@pipeline().parameters.id_batch",
										"type": "Expression"
									},
									"domn_area": {
										"value": "@pipeline().parameters.domn_area",
										"type": "Expression"
									}
								}
							},
							"linkedServiceName": {
								"referenceName": "adb_linkedservice_for_databricks_with_unity",
								"type": "LinkedServiceReference"
							}
						},
						{
							"name": "Set Counter Variable",
							"type": "SetVariable",
							"dependsOn": [
								{
									"activity": "dbx_execute_layer_step",
									"dependencyConditions": [
										"Succeeded"
									]
								}
							],
							"policy": {
								"secureOutput": false,
								"secureInput": false
							},
							"userProperties": [],
							"typeProperties": {
								"variableName": "v_counter",
								"value": {
									"value": "@add(variables('v_tempCounter'),1)",
									"type": "Expression"
								}
							}
						},
						{
							"name": "Set Error Untill Flag",
							"type": "SetVariable",
							"dependsOn": [
								{
									"activity": "dbx_execute_layer_step",
									"dependencyConditions": [
										"Failed"
									]
								}
							],
							"policy": {
								"secureOutput": false,
								"secureInput": false
							},
							"userProperties": [],
							"typeProperties": {
								"variableName": "untill_flag",
								"value": true
							}
						},
						{
							"name": "Set Temp Variable",
							"type": "SetVariable",
							"dependsOn": [
								{
									"activity": "Set Counter Variable",
									"dependencyConditions": [
										"Succeeded"
									]
								}
							],
							"policy": {
								"secureOutput": false,
								"secureInput": false
							},
							"userProperties": [],
							"typeProperties": {
								"variableName": "v_tempCounter",
								"value": {
									"value": "@variables('v_counter')",
									"type": "Expression"
								}
							}
						}
					],
					"timeout": "0.12:00:00"
				}
			}
		],
		"parameters": {
			"filename": {
				"type": "string",
				"defaultValue": "orders_20240111.csv"
			},
			"filepath": {
				"type": "string",
				"defaultValue": "/Volumes/eastus2_extollo_ms_us_edwdev_adbv/xtous_us_12_test_framework/test-landing-zone/"
			},
			"id_batch": {
				"type": "string",
				"defaultValue": "orders_2024-02-01.zip_2024-01-31T08:59:03.5456411Z"
			},
			"domn_area": {
				"type": "string"
			}
		},
		"variables": {
			"untill_flag": {
				"type": "Boolean",
				"defaultValue": false
			},
			"nb_error_flag": {
				"type": "Boolean",
				"defaultValue": false
			},
			"v_counter": {
				"type": "Integer",
				"defaultValue": 0
			},
			"v_tempCounter": {
				"type": "Integer",
				"defaultValue": 0
			}
		},
		"annotations": [
			"framework 2.0"
		]
	}
}