{
	"name": "pl_pull_api_and_build_data_layers",
	"properties": {
		"activities": [
			{
				"name": "dbx_eligibility_nb",
				"type": "DatabricksNotebook",
				"dependsOn": [],
				"policy": {
					"timeout": "0.12:00:00",
					"retry": 0,
					"retryIntervalInSeconds": 30,
					"secureOutput": false,
					"secureInput": false
				},
				"userProperties": [],
				"typeProperties": {
					"notebookPath": "/Framework/ingestion/dbx_api_eligibility_check"
				},
				"linkedServiceName": {
					"referenceName": "adb_linkedservice_for_databricks_with_unity",
					"type": "LinkedServiceReference"
				}
			},
			{
				"name": "for_every_api",
				"type": "ForEach",
				"dependsOn": [
					{
						"activity": "dbx_eligibility_nb",
						"dependencyConditions": [
							"Succeeded"
						]
					}
				],
				"userProperties": [],
				"typeProperties": {
					"items": {
						"value": "@if(contains(activity('dbx_eligibility_nb').output.runOutput,';'),split(activity('dbx_eligibility_nb').output.runOutput,';'),array(activity('dbx_eligibility_nb').output.runOutput))",
						"type": "Expression"
					},
					"isSequential": false,
					"activities": [
						{
							"name": "variable for api details",
							"type": "SetVariable",
							"dependsOn": [],
							"policy": {
								"secureOutput": false,
								"secureInput": false
							},
							"userProperties": [],
							"typeProperties": {
								"variableName": "id",
								"value": {
									"value": "@string(item())",
									"type": "Expression"
								}
							}
						},
						{
							"name": "dbx_log_status_failure",
							"type": "DatabricksNotebook",
							"dependsOn": [
								{
									"activity": "append_api_notebook_failure",
									"dependencyConditions": [
										"Succeeded"
									]
								}
							],
							"policy": {
								"timeout": "0.12:00:00",
								"retry": 0,
								"retryIntervalInSeconds": 30,
								"secureOutput": false,
								"secureInput": false
							},
							"userProperties": [],
							"typeProperties": {
								"notebookPath": "/Framework/ingestion/Watermark_update_zip_api",
								"baseParameters": {
									"id_src_file": {
										"value": "@json(variables('id'))['id_src_file']",
										"type": "Expression"
									},
									"filename": {
										"value": "@if(contains(activity('dbx_api_pull_nb').output,'runOutput'), activity('dbx_api_pull_nb').output.runOutput['filename'], json(variables('id'))['nam_src_file'])\n",
										"type": "Expression"
									},
									"operating_phase": {
										"value": "api_copy",
										"type": "Expression"
									},
									"copy_status": {
										"value": "@if(and(contains(activity('dbx_api_pull_nb').output,'runOutput'),equals(activity('dbx_api_pull_nb').output.runOutput.status,'Succeeded')),'1','0')",
										"type": "Expression"
									}
								}
							},
							"linkedServiceName": {
								"referenceName": "adb_linkedservice_for_databricks_with_unity",
								"type": "LinkedServiceReference"
							}
						},
						{
							"name": "dbx_api_pull_nb",
							"type": "DatabricksNotebook",
							"dependsOn": [
								{
									"activity": "variable for api details",
									"dependencyConditions": [
										"Succeeded"
									]
								}
							],
							"policy": {
								"timeout": "0.12:00:00",
								"retry": 0,
								"retryIntervalInSeconds": 30,
								"secureOutput": false,
								"secureInput": false
							},
							"userProperties": [],
							"typeProperties": {
								"notebookPath": {
									"value": "@json(variables('id'))['addnl_info']['nb']",
									"type": "Expression"
								}
							},
							"linkedServiceName": {
								"referenceName": "adb_linkedservice_for_databricks_with_unity",
								"type": "LinkedServiceReference"
							}
						},
						{
							"name": "pl_build_layers",
							"type": "ExecutePipeline",
							"dependsOn": [
								{
									"activity": "dbx_log_status_success",
									"dependencyConditions": [
										"Succeeded"
									]
								}
							],
							"policy": {
								"secureInput": false
							},
							"userProperties": [],
							"typeProperties": {
								"pipeline": {
									"referenceName": "pl_layer_build",
									"type": "PipelineReference"
								},
								"waitOnCompletion": true,
								"parameters": {
									"filename": {
										"value": "@activity('dbx_api_pull_nb').output.runOutput['filename']",
										"type": "Expression"
									},
									"filepath": {
										"value": "@json(variables('id'))['ldg_path_extollo']",
										"type": "Expression"
									},
									"id_batch": {
										"value": "@variables('id_batch')",
										"type": "Expression"
									},
									"domn_area": {
										"value": "@json(variables('id'))['domn_area']",
										"type": "Expression"
									}
								}
							}
						},
						{
							"name": "set_batch_id",
							"type": "SetVariable",
							"dependsOn": [
								{
									"activity": "dbx_api_pull_nb",
									"dependencyConditions": [
										"Succeeded"
									]
								}
							],
							"policy": {
								"secureOutput": false,
								"secureInput": false
							},
							"userProperties": [],
							"typeProperties": {
								"variableName": "id_batch",
								"value": {
									"value": "@concat(activity('dbx_api_pull_nb').output.runOutput['filename'], '_', string(div(sub(ticks(utcNow()), ticks('1970-01-01')), 10000000)))",
									"type": "Expression"
								}
							}
						},
						{
							"name": "append_api_notebook_failure",
							"type": "AppendVariable",
							"dependsOn": [
								{
									"activity": "dbx_api_pull_nb",
									"dependencyConditions": [
										"Failed"
									]
								}
							],
							"userProperties": [],
							"typeProperties": {
								"variableName": "failed_domain_areas",
								"value": {
									"value": "@concat('{\"activity_name\":\"','dbx_api_pull_nb','\",\"domain_areas\":\"', json(variables('id'))['domn_area'],'\",\"activity_runId\":\"', activity('dbx_api_pull_nb').activityRunId,\n'\"}')",
									"type": "Expression"
								}
							}
						},
						{
							"name": "Append_watermark_log_status_failure",
							"type": "AppendVariable",
							"dependsOn": [
								{
									"activity": "dbx_log_status_failure",
									"dependencyConditions": [
										"Failed"
									]
								}
							],
							"userProperties": [],
							"typeProperties": {
								"variableName": "failed_domain_areas",
								"value": {
									"value": "@concat('{\"activity_name\":\"','dbx_log_status_failure','\",\"domain_areas\":\"', json(variables('id'))['domn_area'],'\",\"activity_runId\":\"', activity('dbx_log_status_failure').activityRunId,\n'\"}')",
									"type": "Expression"
								}
							}
						},
						{
							"name": "append_pipeline_failure",
							"type": "AppendVariable",
							"dependsOn": [
								{
									"activity": "pl_build_layers",
									"dependencyConditions": [
										"Failed"
									]
								}
							],
							"userProperties": [],
							"typeProperties": {
								"variableName": "failed_domain_areas",
								"value": {
									"value": "@concat('{\"activity_name\":\"','pl_build_layers','\",\"batch_id\":\"',variables('id_batch'),'\",\"domain_areas\":\"', json(variables('id'))['domn_area'],'\",\"activity_runId\":\"', activity('pl_build_layers').activityRunId,\n'\"}')",
									"type": "Expression"
								}
							}
						},
						{
							"name": "dbx_log_status_success",
							"type": "DatabricksNotebook",
							"dependsOn": [
								{
									"activity": "set_batch_id",
									"dependencyConditions": [
										"Succeeded"
									]
								}
							],
							"policy": {
								"timeout": "0.12:00:00",
								"retry": 0,
								"retryIntervalInSeconds": 30,
								"secureOutput": false,
								"secureInput": false
							},
							"userProperties": [],
							"typeProperties": {
								"notebookPath": "/Framework/ingestion/Watermark_update_zip_api",
								"baseParameters": {
									"id_src_file": {
										"value": "@json(variables('id'))['id_src_file']",
										"type": "Expression"
									},
									"nam_src_file": {
										"value": "@if(contains(activity('dbx_api_pull_nb').output,'runOutput'), activity('dbx_api_pull_nb').output.runOutput['filename'], json(variables('id'))['nam_src_file'])\n",
										"type": "Expression"
									},
									"operating_phase": {
										"value": "api_copy",
										"type": "Expression"
									},
									"copy_status": {
										"value": "@if(and(contains(activity('dbx_api_pull_nb').output,'runOutput'),equals(activity('dbx_api_pull_nb').output.runOutput.status,'Succeeded')),'1','0')",
										"type": "Expression"
									},
									"id_batch": {
										"value": "@variables('id_batch')",
										"type": "Expression"
									},
									"domn_area": {
										"value": "@json(variables('id'))['domn_area']",
										"type": "Expression"
									}
								}
							},
							"linkedServiceName": {
								"referenceName": "adb_linkedservice_for_databricks_with_unity",
								"type": "LinkedServiceReference"
							}
						},
						{
							"name": "Append_watermark_log_status_success",
							"type": "AppendVariable",
							"dependsOn": [
								{
									"activity": "dbx_log_status_success",
									"dependencyConditions": [
										"Failed"
									]
								}
							],
							"userProperties": [],
							"typeProperties": {
								"variableName": "failed_domain_areas",
								"value": {
									"value": "@concat('{\"activity_name\":\"','dbx_log_status_success','\",\"batch_id\":\"',variables('id_batch'),'\",\"domain_areas\":\"', json(variables('id'))['domn_area'],'\",\"activity_runId\":\"', activity('dbx_log_status_success').activityRunId,\n'\"}')",
									"type": "Expression"
								}
							}
						}
					]
				}
			},
			{
				"name": "pipeline_failure_notif",
				"type": "DatabricksNotebook",
				"dependsOn": [
					{
						"activity": "for_every_api",
						"dependencyConditions": [
							"Failed",
							"Skipped",
							"Succeeded"
						]
					}
				],
				"policy": {
					"timeout": "0.12:00:00",
					"retry": 0,
					"retryIntervalInSeconds": 30,
					"secureOutput": false,
					"secureInput": false
				},
				"userProperties": [],
				"typeProperties": {
					"notebookPath": "/Framework/ingestion/pipeline_failure_notif",
					"baseParameters": {
						"eligibility_error": {
							"value": "@activity('dbx_eligibility_nb').status",
							"type": "Expression"
						},
						"foreach_error": {
							"value": "@string(variables('failed_domain_areas'))",
							"type": "Expression"
						},
						"pipeline_runid": {
							"value": "@pipeline().RunId",
							"type": "Expression"
						},
						"pipeline_name": {
							"value": "@pipeline().Pipeline",
							"type": "Expression"
						},
						"pipeline_trigger_time": {
							"value": "@pipeline().TriggerTime",
							"type": "Expression"
						}
					}
				},
				"linkedServiceName": {
					"referenceName": "adb_linkedservice_for_databricks_with_unity",
					"type": "LinkedServiceReference"
				}
			}
		],
		"variables": {
			"id": {
				"type": "String"
			},
			"test_value": {
				"type": "Array"
			},
			"id_batch": {
				"type": "String"
			},
			"failed_domain_areas": {
				"type": "Array"
			}
		},
		"folder": {
			"name": "coupled_pipeline_structure"
		},
		"annotations": [
			"framework 2.0"
		]
	}
}