{
	"name": "pl_pull_api_and_build_data_layers_historical_batch",
	"properties": {
		"activities": [
			{
				"name": "get_tirebuild_config_data",
				"type": "Lookup",
				"dependsOn": [],
				"policy": {
					"timeout": "0.12:00:00",
					"retry": 0,
					"retryIntervalInSeconds": 30,
					"secureOutput": false,
					"secureInput": false
				},
				"userProperties": [],
				"typeProperties": {
					"source": {
						"type": "DelimitedTextSource",
						"storeSettings": {
							"type": "AzureBlobFSReadSettings",
							"recursive": true,
							"enablePartitionDiscovery": false
						},
						"formatSettings": {
							"type": "DelimitedTextReadSettings"
						}
					},
					"dataset": {
						"referenceName": "tirebuild_historical_config",
						"type": "DatasetReference"
					},
					"firstRowOnly": false
				}
			},
			{
				"name": "execute_batch_pipeline",
				"type": "ForEach",
				"dependsOn": [
					{
						"activity": "get_tirebuild_config_data",
						"dependencyConditions": [
							"Succeeded"
						]
					}
				],
				"userProperties": [],
				"typeProperties": {
					"items": {
						"value": "@activity('get_tirebuild_config_data').output.value",
						"type": "Expression"
					},
					"isSequential": true,
					"activities": [
						{
							"name": "If Condition1",
							"type": "IfCondition",
							"dependsOn": [],
							"userProperties": [],
							"typeProperties": {
								"expression": {
									"value": "@and(greaterOrEquals(item().sn, pipeline().parameters.start_yr_mth), lessOrEquals(item().sn, pipeline().parameters.end_yr_mth))\n",
									"type": "Expression"
								},
								"ifFalseActivities": [
									{
										"name": "Wait1",
										"type": "Wait",
										"dependsOn": [],
										"userProperties": [],
										"typeProperties": {
											"waitTimeInSeconds": 1
										}
									}
								],
								"ifTrueActivities": [
									{
										"name": "execute_historical_pipeline",
										"type": "ExecutePipeline",
										"dependsOn": [],
										"policy": {
											"secureInput": false
										},
										"userProperties": [],
										"typeProperties": {
											"pipeline": {
												"referenceName": "pl_pull_api_and_build_data_layers_historical",
												"type": "PipelineReference"
											},
											"waitOnCompletion": true,
											"parameters": {
												"start_date": "@item().start_date",
												"end_date": "@item().end_date"
											}
										}
									}
								]
							}
						}
					]
				}
			}
		],
		"parameters": {
			"start_yr_mth": {
				"type": "string",
				"defaultValue": "202404"
			},
			"end_yr_mth": {
				"type": "string",
				"defaultValue": "202405"
			}
		},
		"annotations": []
	}
}