{
	"name": "pl_pull_zips_and_build_data_layers",
	"properties": {
		"activities": [
			{
				"name": "dbx_eligibility_nb",
				"type": "DatabricksNotebook",
				"dependsOn": [],
				"policy": {
					"timeout": "0.12:00:00",
					"retry": 0,
					"retryIntervalInSeconds": 30,
					"secureOutput": false,
					"secureInput": false
				},
				"userProperties": [],
				"typeProperties": {
					"notebookPath": "/Framework/ingestion/dbx_zip_eligibility_check"
				},
				"linkedServiceName": {
					"referenceName": "adb_linkedservice_for_databricks_with_unity",
					"type": "LinkedServiceReference"
				}
			},
			{
				"name": "for_every_zip",
				"type": "ForEach",
				"dependsOn": [
					{
						"activity": "dbx_eligibility_nb",
						"dependencyConditions": [
							"Succeeded"
						]
					}
				],
				"userProperties": [],
				"typeProperties": {
					"items": {
						"value": "@if(contains(activity('dbx_eligibility_nb').output.runOutput,';'),split(activity('dbx_eligibility_nb').output.runOutput,';'),array(activity('dbx_eligibility_nb').output.runOutput))",
						"type": "Expression"
					},
					"isSequential": false,
					"activities": [
						{
							"name": "variable for zip details",
							"type": "SetVariable",
							"dependsOn": [],
							"policy": {
								"secureOutput": false,
								"secureInput": false
							},
							"userProperties": [],
							"typeProperties": {
								"variableName": "id",
								"value": {
									"value": "@string(item())",
									"type": "Expression"
								}
							}
						},
						{
							"name": "GetMetadata",
							"type": "GetMetadata",
							"dependsOn": [
								{
									"activity": "variable for zip details",
									"dependencyConditions": [
										"Succeeded"
									]
								}
							],
							"policy": {
								"timeout": "0.12:00:00",
								"retry": 0,
								"retryIntervalInSeconds": 30,
								"secureOutput": false,
								"secureInput": false
							},
							"userProperties": [],
							"typeProperties": {
								"dataset": {
									"referenceName": "ds_domain_datalake",
									"type": "DatasetReference",
									"parameters": {
										"path": {
											"value": "@concat(json(variables('id'))['src_addr_spec'] , \n'year=' ,formatDateTime(pipeline().parameters.trigger_time, 'yyyy' ), \n'/month=' ,formatDateTime(pipeline().parameters.trigger_time, 'MM' ), \n'/day=' ,formatDateTime(pipeline().parameters.trigger_time, 'dd' ) )",
											"type": "Expression"
										},
										"zip_file_name": {
											"value": "@json(variables( 'id' ))[ 'nam_src_file' ]",
											"type": "Expression"
										}
									}
								},
								"fieldList": [
									"lastModified"
								],
								"storeSettings": {
									"type": "AzureBlobFSReadSettings",
									"recursive": true,
									"enablePartitionDiscovery": false
								},
								"formatSettings": {
									"type": "BinaryReadSettings"
								}
							}
						},
						{
							"name": "compare_metadata_with_last_zip_success",
							"type": "DatabricksNotebook",
							"dependsOn": [
								{
									"activity": "GetMetadata",
									"dependencyConditions": [
										"Succeeded"
									]
								}
							],
							"policy": {
								"timeout": "0.12:00:00",
								"retry": 0,
								"retryIntervalInSeconds": 30,
								"secureOutput": false,
								"secureInput": false
							},
							"userProperties": [],
							"typeProperties": {
								"notebookPath": "/Framework/ingestion/compare_metadata_with_prev_zip_success",
								"baseParameters": {
									"last_modified_zip_ts": {
										"value": "@activity('GetMetadata').output.lastModified",
										"type": "Expression"
									},
									"zip_file_id": {
										"value": "@json(variables('id'))['id_src_file']",
										"type": "Expression"
									},
									"zip_file_name": {
										"value": "@json(variables('id'))['nam_src_file']",
										"type": "Expression"
									}
								}
							},
							"linkedServiceName": {
								"referenceName": "adb_linkedservice_for_databricks_with_unity",
								"type": "LinkedServiceReference"
							}
						},
						{
							"name": "If_zip_metadata",
							"type": "IfCondition",
							"dependsOn": [
								{
									"activity": "compare_metadata_with_last_zip_success",
									"dependencyConditions": [
										"Succeeded"
									]
								}
							],
							"userProperties": [],
							"typeProperties": {
								"expression": {
									"value": "@activity('compare_metadata_with_last_zip_success').output.runoutput\n\n\n",
									"type": "Expression"
								},
								"ifTrueActivities": [
									{
										"name": "pull_from_domain_datalake_copy",
										"type": "Copy",
										"dependsOn": [],
										"policy": {
											"timeout": "0.12:00:00",
											"retry": 0,
											"retryIntervalInSeconds": 30,
											"secureOutput": false,
											"secureInput": false
										},
										"userProperties": [],
										"typeProperties": {
											"source": {
												"type": "BinarySource",
												"storeSettings": {
													"type": "AzureBlobFSReadSettings",
													"recursive": true
												},
												"formatSettings": {
													"type": "BinaryReadSettings"
												}
											},
											"sink": {
												"type": "BinarySink",
												"storeSettings": {
													"type": "AzureBlobFSWriteSettings"
												}
											},
											"enableStaging": false
										},
										"inputs": [
											{
												"referenceName": "ds_domain_datalake",
												"type": "DatasetReference",
												"parameters": {
													"path": {
														"value": "@concat(json(variables('id'))['src_addr_spec'] , \n'year=' ,formatDateTime(pipeline().parameters.trigger_time, 'yyyy' ), \n'/month=' ,formatDateTime(pipeline().parameters.trigger_time, 'MM' ), \n'/day=' ,formatDateTime(pipeline().parameters.trigger_time, 'dd' ) )",
														"type": "Expression"
													},
													"zip_file_name": {
														"value": "@json(variables( 'id' ))[ 'nam_src_file' ]",
														"type": "Expression"
													}
												}
											}
										],
										"outputs": [
											{
												"referenceName": "ds_mbusa_datalake",
												"type": "DatasetReference",
												"parameters": {
													"path": {
														"value": "@concat(json(variables('id'))['ldg_path_extollo'] ,  \n'year=' ,formatDateTime(pipeline().parameters.trigger_time, 'yyyy' ), \n'/month=' ,formatDateTime(pipeline().parameters.trigger_time, 'MM' ), \n'/day=' ,formatDateTime(pipeline().parameters.trigger_time, 'dd' ) )",
														"type": "Expression"
													},
													"zip_file_name": {
														"value": "@json(variables( 'id' ))[ 'nam_src_file' ]",
														"type": "Expression"
													}
												}
											}
										]
									},
									{
										"name": "dbx_log_copy_fail_status",
										"type": "DatabricksNotebook",
										"dependsOn": [
											{
												"activity": "Append variable_copy_activity",
												"dependencyConditions": [
													"Succeeded"
												]
											}
										],
										"policy": {
											"timeout": "0.12:00:00",
											"retry": 0,
											"retryIntervalInSeconds": 30,
											"secureOutput": false,
											"secureInput": false
										},
										"userProperties": [],
										"typeProperties": {
											"notebookPath": "/Framework/ingestion/Watermark_update_zip_api",
											"baseParameters": {
												"processing_id": {
													"value": "@json(variables('id'))['id_src_file']",
													"type": "Expression"
												},
												"nam_src_file": {
													"value": "@json(variables('id'))['nam_src_file']",
													"type": "Expression"
												},
												"operating_phase": {
													"value": "zip_copy",
													"type": "Expression"
												},
												"copy_status": {
													"value": "0",
													"type": "Expression"
												},
												"id_batch": {
													"value": "null",
													"type": "Expression"
												}
											}
										},
										"linkedServiceName": {
											"referenceName": "adb_linkedservice_for_databricks_with_unity",
											"type": "LinkedServiceReference"
										}
									},
									{
										"name": "execute_unzip_and_layer_build",
										"type": "ExecutePipeline",
										"dependsOn": [
											{
												"activity": "dbx_log_copy_success_status",
												"dependencyConditions": [
													"Completed"
												]
											}
										],
										"policy": {
											"secureInput": false
										},
										"userProperties": [],
										"typeProperties": {
											"pipeline": {
												"referenceName": "pl_child_unzip_and_build_data_layers",
												"type": "PipelineReference"
											},
											"waitOnCompletion": true,
											"parameters": {
												"file_name": {
													"value": "@json(variables('id'))['nam_src_file']",
													"type": "Expression"
												},
												"file_path": {
													"value": "@concat(json(variables('id'))['ldg_path_extollo'] ,  \n'year=' ,formatDateTime(pipeline().parameters.trigger_time, 'yyyy' ), \n'/month=' ,formatDateTime(pipeline().parameters.trigger_time, 'MM' ), \n'/day=' ,formatDateTime(pipeline().parameters.trigger_time, 'dd' ), '/' )",
													"type": "Expression"
												},
												"id_batch": {
													"value": "@variables('id_batch')",
													"type": "Expression"
												},
												"id_src_file": {
													"value": "@json(variables('id'))['id_src_file']",
													"type": "Expression"
												},
												"domn_area": {
													"value": "@json(variables('id'))['domn_area']",
													"type": "Expression"
												}
											}
										}
									},
									{
										"name": "variable for batch_id",
										"type": "SetVariable",
										"dependsOn": [
											{
												"activity": "pull_from_domain_datalake_copy",
												"dependencyConditions": [
													"Succeeded"
												]
											}
										],
										"policy": {
											"secureOutput": false,
											"secureInput": false
										},
										"userProperties": [],
										"typeProperties": {
											"variableName": "id_batch",
											"value": {
												"value": "@concat(json(variables('id'))['nam_src_file'],'_',string(div(sub(ticks(utcNow()), ticks('1970-01-01')), 10000000)))",
												"type": "Expression"
											}
										}
									},
									{
										"name": "dbx_log_copy_success_status",
										"type": "DatabricksNotebook",
										"dependsOn": [
											{
												"activity": "variable for batch_id",
												"dependencyConditions": [
													"Succeeded"
												]
											}
										],
										"policy": {
											"timeout": "0.12:00:00",
											"retry": 0,
											"retryIntervalInSeconds": 30,
											"secureOutput": false,
											"secureInput": false
										},
										"userProperties": [],
										"typeProperties": {
											"notebookPath": "/Framework/ingestion/Watermark_update_zip_api",
											"baseParameters": {
												"id_src_file": {
													"value": "@json(variables('id'))['id_src_file']",
													"type": "Expression"
												},
												"nam_src_file": {
													"value": "@json(variables('id'))['nam_src_file']",
													"type": "Expression"
												},
												"operating_phase": {
													"value": "zip_copy",
													"type": "Expression"
												},
												"copy_status": {
													"value": "1",
													"type": "Expression"
												},
												"id_batch": {
													"value": "@variables('id_batch')",
													"type": "Expression"
												},
												"domn_area": {
													"value": "@json(variables('id'))['domn_area']",
													"type": "Expression"
												}
											}
										},
										"linkedServiceName": {
											"referenceName": "adb_linkedservice_for_databricks_with_unity",
											"type": "LinkedServiceReference"
										}
									},
									{
										"name": "Append variable_copy_activity",
										"type": "AppendVariable",
										"dependsOn": [
											{
												"activity": "pull_from_domain_datalake_copy",
												"dependencyConditions": [
													"Failed"
												]
											}
										],
										"userProperties": [],
										"typeProperties": {
											"variableName": "failed_domain_areas",
											"value": {
												"value": "@concat('{\"activity_name\":\"','pull_from_domain_datalake_copy','\",\"domain_areas\":\"', json(variables('id'))['domn_area'],'\",\"activity_runId\":\"', activity('pull_from_domain_datalake_copy').activityRunId,\n'\"}')\n\n",
												"type": "Expression"
											}
										}
									},
									{
										"name": "Append variable_watermark_fail_status",
										"type": "AppendVariable",
										"dependsOn": [
											{
												"activity": "dbx_log_copy_fail_status",
												"dependencyConditions": [
													"Failed"
												]
											}
										],
										"userProperties": [],
										"typeProperties": {
											"variableName": "failed_domain_areas",
											"value": {
												"value": "@concat('{\"activity_name\":\"','dbx_log_copy_fail_status','\",\"domain_areas\":\"', json(variables('id'))['domn_area'],'\",\"activity_runId\":\"', activity('dbx_log_copy_fail_status').activityRunId,\n'\"}')\n\n",
												"type": "Expression"
											}
										}
									},
									{
										"name": "Append variable_success_status",
										"type": "AppendVariable",
										"dependsOn": [
											{
												"activity": "dbx_log_copy_success_status",
												"dependencyConditions": [
													"Failed"
												]
											}
										],
										"userProperties": [],
										"typeProperties": {
											"variableName": "failed_domain_areas",
											"value": {
												"value": "@concat('{\"activity_name\":\"','dbx_log_copy_success_status','\",\"batch_id\":\"',variables('id_batch'),'\",\"domain_areas\":\"', json(variables('id'))['domn_area'],'\",\"activity_runId\":\"', activity('dbx_log_copy_success_status').activityRunId,\n'\"}')",
												"type": "Expression"
											}
										}
									},
									{
										"name": "Append variable_pipeline",
										"type": "AppendVariable",
										"dependsOn": [
											{
												"activity": "execute_unzip_and_layer_build",
												"dependencyConditions": [
													"Failed"
												]
											}
										],
										"userProperties": [],
										"typeProperties": {
											"variableName": "failed_domain_areas",
											"value": {
												"value": "@concat('{\"activity_name\":\"','execute_unzip_and_layer_build','\",\"batch_id\":\"',variables('id_batch'),'\",\"domain_areas\":\"', json(variables('id'))['domn_area'],'\",\"activity_runId\":\"', activity('execute_unzip_and_layer_build').activityRunId,\n'\"}')",
												"type": "Expression"
											}
										}
									}
								]
							}
						},
						{
							"name": "missing_file_notification",
							"type": "DatabricksNotebook",
							"dependsOn": [
								{
									"activity": "If_zip_metadata",
									"dependencyConditions": [
										"Completed"
									]
								}
							],
							"policy": {
								"timeout": "0.12:00:00",
								"retry": 0,
								"retryIntervalInSeconds": 30,
								"secureOutput": false,
								"secureInput": false
							},
							"userProperties": [],
							"typeProperties": {
								"notebookPath": "/Framework/ingestion/missing_files_notifications",
								"baseParameters": {
									"domain": {
										"value": "@json(variables('id'))['domn_area']",
										"type": "Expression"
									},
									"trigger_time": {
										"value": "@pipeline().parameters.trigger_time",
										"type": "Expression"
									}
								}
							},
							"linkedServiceName": {
								"referenceName": "adb_linkedservice_for_databricks_with_unity",
								"type": "LinkedServiceReference"
							}
						},
						{
							"name": "Append_compare_metadata_failure",
							"type": "AppendVariable",
							"dependsOn": [
								{
									"activity": "compare_metadata_with_last_zip_success",
									"dependencyConditions": [
										"Failed"
									]
								}
							],
							"userProperties": [],
							"typeProperties": {
								"variableName": "failed_domain_areas",
								"value": {
									"value": "@concat('{\"activity_name\":\"','compare_metadata_with_last_zip_success','\",\"domain_areas\":\"', json(variables('id'))['domn_area'],'\",\"activity_runId\":\"', activity('compare_metadata_with_last_zip_success').activityRunId,\n'\"}')",
									"type": "Expression"
								}
							}
						},
						{
							"name": "Append_variable_missing_files_notif",
							"type": "AppendVariable",
							"dependsOn": [
								{
									"activity": "missing_file_notification",
									"dependencyConditions": [
										"Failed"
									]
								}
							],
							"userProperties": [],
							"typeProperties": {
								"variableName": "failed_domain_areas",
								"value": {
									"value": "@concat('{\"activity_name\":\"','missing_file_notification','\",\"batch_id\":\"',variables('id_batch'),'\",\"domain_areas\":\"', json(variables('id'))['domn_area'],'\",\"activity_runId\":\"', activity('missing_file_notification').activityRunId,\n'\"}')",
									"type": "Expression"
								}
							}
						},
						{
							"name": "Append variable_getmetadata",
							"type": "AppendVariable",
							"dependsOn": [
								{
									"activity": "GetMetadata",
									"dependencyConditions": [
										"Failed"
									]
								}
							],
							"userProperties": [],
							"typeProperties": {
								"variableName": "failed_domain_areas",
								"value": {
									"value": "@concat('{\"activity_name\":\"','GetMetadata','\",\"domain_areas\":\"', json(variables('id'))['domn_area'],'\",\"activity_runId\":\"', activity('GetMetadata').activityRunId,\n'\"}')",
									"type": "Expression"
								}
							}
						}
					]
				}
			},
			{
				"name": "pipeline_failure_notif",
				"type": "DatabricksNotebook",
				"dependsOn": [
					{
						"activity": "for_every_zip",
						"dependencyConditions": [
							"Failed",
							"Skipped",
							"Succeeded"
						]
					}
				],
				"policy": {
					"timeout": "0.12:00:00",
					"retry": 0,
					"retryIntervalInSeconds": 30,
					"secureOutput": false,
					"secureInput": false
				},
				"userProperties": [],
				"typeProperties": {
					"notebookPath": "/Framework/ingestion/pipeline_failure_notif",
					"baseParameters": {
						"eligibility_error": {
							"value": "@activity('dbx_eligibility_nb').status",
							"type": "Expression"
						},
						"foreach_error": {
							"value": "@string(variables('failed_domain_areas'))",
							"type": "Expression"
						},
						"pipeline_runid": {
							"value": "@pipeline().RunId",
							"type": "Expression"
						},
						"pipeline_name": {
							"value": "@pipeline().Pipeline",
							"type": "Expression"
						},
						"pipeline_trigger_time": {
							"value": "@pipeline().TriggerTime",
							"type": "Expression"
						}
					}
				},
				"linkedServiceName": {
					"referenceName": "adb_linkedservice_for_databricks_with_unity",
					"type": "LinkedServiceReference"
				}
			}
		],
		"parameters": {
			"trigger_time": {
				"type": "string",
				"defaultValue": "@trigger().scheduledTime"
			}
		},
		"variables": {
			"id": {
				"type": "String"
			},
			"id_batch": {
				"type": "String"
			},
			"failed_domain_areas": {
				"type": "Array"
			}
		},
		"folder": {
			"name": "coupled_pipeline_structure"
		},
		"annotations": [
			"framework 2.0"
		]
	}
}