{
	"name": "pl_pull_api_and_build_data_layers_historical",
	"properties": {
		"activities": [
			{
				"name": "dbx_eligibility_nb",
				"type": "DatabricksNotebook",
				"dependsOn": [],
				"policy": {
					"timeout": "0.12:00:00",
					"retry": 0,
					"retryIntervalInSeconds": 30,
					"secureOutput": false,
					"secureInput": false
				},
				"userProperties": [],
				"typeProperties": {
					"notebookPath": "/Framework/tirebuild_historical_processing/dbx_api_eligibility_check_historical"
				},
				"linkedServiceName": {
					"referenceName": "adb_linkedservice_for_databricks_with_unity",
					"type": "LinkedServiceReference"
				}
			},
			{
				"name": "pipeline_failure_notif",
				"type": "DatabricksNotebook",
				"dependsOn": [
					{
						"activity": "dbx_eligibility_nb",
						"dependencyConditions": [
							"Failed"
						]
					}
				],
				"policy": {
					"timeout": "0.12:00:00",
					"retry": 0,
					"retryIntervalInSeconds": 30,
					"secureOutput": false,
					"secureInput": false
				},
				"userProperties": [],
				"typeProperties": {
					"notebookPath": "/Framework/ingestion/pipeline_failure_notif",
					"baseParameters": {
						"eligibility_error": {
							"value": "@activity('dbx_eligibility_nb').status",
							"type": "Expression"
						},
						"foreach_error": {
							"value": "@string(variables('failed_domain_areas'))",
							"type": "Expression"
						},
						"pipeline_runid": {
							"value": "@pipeline().RunId",
							"type": "Expression"
						},
						"pipeline_name": {
							"value": "@pipeline().Pipeline",
							"type": "Expression"
						},
						"pipeline_trigger_time": {
							"value": "@pipeline().TriggerTime",
							"type": "Expression"
						}
					}
				},
				"linkedServiceName": {
					"referenceName": "adb_linkedservice_for_databricks_with_unity",
					"type": "LinkedServiceReference"
				}
			},
			{
				"name": "dbx_api_pull_nb",
				"type": "DatabricksNotebook",
				"dependsOn": [
					{
						"activity": "dbx_eligibility_nb",
						"dependencyConditions": [
							"Succeeded"
						]
					}
				],
				"policy": {
					"timeout": "0.12:00:00",
					"retry": 0,
					"retryIntervalInSeconds": 30,
					"secureOutput": false,
					"secureInput": false
				},
				"userProperties": [],
				"typeProperties": {
					"notebookPath": "/Framework/tirebuild_historical_processing/tirebuild_api_nb_historical",
					"baseParameters": {
						"start_date": {
							"value": "@pipeline().parameters.start_date",
							"type": "Expression"
						},
						"end_date": {
							"value": "@pipeline().parameters.end_date",
							"type": "Expression"
						}
					}
				},
				"linkedServiceName": {
					"referenceName": "adb_linkedservice_for_databricks_with_unity",
					"type": "LinkedServiceReference"
				}
			},
			{
				"name": "dbx_silver_load",
				"type": "DatabricksNotebook",
				"dependsOn": [
					{
						"activity": "dbx_api_pull_nb",
						"dependencyConditions": [
							"Succeeded"
						]
					}
				],
				"policy": {
					"timeout": "0.12:00:00",
					"retry": 0,
					"retryIntervalInSeconds": 30,
					"secureOutput": false,
					"secureInput": false
				},
				"userProperties": [],
				"typeProperties": {
					"notebookPath": "/Framework/tirebuild_historical_processing/tirebuild_bronze_silver_populate",
					"baseParameters": {
						"file_name": {
							"value": "@activity('dbx_api_pull_nb').output.runOutput.filename",
							"type": "Expression"
						}
					}
				},
				"linkedServiceName": {
					"referenceName": "adb_linkedservice_for_databricks_with_unity",
					"type": "LinkedServiceReference"
				}
			}
		],
		"parameters": {
			"start_date": {
				"type": "string",
				"defaultValue": "2022-01-01"
			},
			"end_date": {
				"type": "string",
				"defaultValue": "2022-01-31"
			}
		},
		"variables": {
			"id": {
				"type": "String"
			},
			"test_value": {
				"type": "Array"
			},
			"id_batch": {
				"type": "String"
			},
			"failed_domain_areas": {
				"type": "Array"
			}
		},
		"folder": {
			"name": "coupled_pipeline_structure"
		},
		"annotations": [
			"framework 2.0"
		]
	}
}