{
	"name": "tg_pull_api",
	"properties": {
		"description": "trigger for pl_pull_api_and_build_data_layers pipeline",
		"annotations": [],
		"runtimeState": "Started",
		"pipelines": [
			{
				"pipelineReference": {
					"referenceName": "pl_pull_api_and_build_data_layers",
					"type": "PipelineReference"
				}
			}
		],
		"type": "ScheduleTrigger",
		"typeProperties": {
			"recurrence": {
				"frequency": "Hour",
				"interval": 24,
				"startTime": "2024-04-26T06:30:00",
				"timeZone": "Eastern Standard Time"
			}
		}
	}
}