{
	"name": "tg_pull_zips",
	"properties": {
		"annotations": [],
		"runtimeState": "Started",
		"pipelines": [
			{
				"pipelineReference": {
					"referenceName": "pl_pull_zips_and_build_data_layers",
					"type": "PipelineReference"
				},
				"parameters": {
					"trigger_time": "@trigger().scheduledTime\n"
				}
			}
		],
		"type": "ScheduleTrigger",
		"typeProperties": {
			"recurrence": {
				"frequency": "Hour",
				"interval": 1,
				"startTime": "2024-03-15T12:00:00",
				"timeZone": "India Standard Time"
			}
		}
	}
}