{
	"name": "ds_mbusa_datalake",
	"properties": {
		"linkedServiceName": {
			"referenceName": "adls_linkedservice_for_mbusa_datalake",
			"type": "LinkedServiceReference"
		},
		"parameters": {
			"path": {
				"type": "string"
			},
			"zip_file_name": {
				"type": "string"
			}
		},
		"annotations": [],
		"type": "Binary",
		"typeProperties": {
			"location": {
				"type": "AzureBlobFSLocation",
				"fileName": {
					"value": "@dataset().zip_file_name",
					"type": "Expression"
				},
				"fileSystem": {
					"value": "@dataset().path",
					"type": "Expression"
				}
			}
		}
	}
}