{
	"name": "tirebuild_historical_config",
	"properties": {
		"linkedServiceName": {
			"referenceName": "adls_linkedservice_for_mbusa_datalake",
			"type": "LinkedServiceReference"
		},
		"annotations": [],
		"type": "DelimitedText",
		"typeProperties": {
			"location": {
				"type": "AzureBlobFSLocation",
				"fileName": "tirebuild_historical_config.csv",
				"folderPath": "TIRE BUILD/Historical_Config",
				"fileSystem": "adls-vehicle-swt"
			},
			"columnDelimiter": ",",
			"escapeChar": "\\",
			"firstRowAsHeader": true,
			"quoteChar": "\""
		},
		"schema": [
			{
				"name": "start_date",
				"type": "String"
			},
			{
				"name": "end_date",
				"type": "String"
			}
		]
	}
}