{
	"name": "Zip_Souce_Csv_Dataset",
	"properties": {
		"linkedServiceName": {
			"referenceName": "adls_linkedservice_for_mbusa_datalake",
			"type": "LinkedServiceReference"
		},
		"parameters": {
			"pContainer": {
				"type": "String"
			},
			"pZipParentDirectory": {
				"type": "String"
			},
			"pZipFileName": {
				"type": "String"
			}
		},
		"annotations": [],
		"type": "DelimitedText",
		"typeProperties": {
			"location": {
				"type": "AzureBlobFSLocation",
				"fileName": {
					"value": "@dataset().pZipFileName",
					"type": "Expression"
				},
				"folderPath": {
					"value": "@dataset().pZipParentDirectory",
					"type": "Expression"
				},
				"fileSystem": {
					"value": "@dataset().pContainer",
					"type": "Expression"
				}
			},
			"columnDelimiter": ",",
			"compressionCodec": "ZipDeflate",
			"escapeChar": "\\",
			"firstRowAsHeader": true,
			"quoteChar": "\""
		},
		"schema": []
	}
}