{
    "$schema": "https://schema.management.azure.com/schemas/2015-01-01/deploymentParameters.json#",
    "contentVersion": "1.0.0.0",
    "parameters": {
        "factoryName": {
            "value": "xto-MS-mbusa-data-platform-prod-us-rsv-factory"
        },
        "adb_linkedservice_for_databricks_with_no_unity_properties_typeProperties_existingClusterId": {
            "value": "1001-133901-4at78mzq"
        },
        "adb_linkedservice_for_databricks_with_unity_properties_typeProperties_existingClusterId": {
            "value": "0105-144726-br4nfrdz"
        },
        "adls_linkedservice_for_domain_datalake_properties_typeProperties_url": {
            "value": "https://dl0mbusa0us0krbn.dfs.core.windows.net"
        },
        "adls_linkedservice_for_mbusa_datalake_properties_typeProperties_url": {
            "value": "https://rsv0mbusadapsprod0y99t.dfs.core.windows.net"
        },
        "kv_linkedservice_for_keyvault_properties_typeProperties_baseUrl": {
            "value": "https://MS-us-mbusa-daps-prod-kv.vault.azure.net/"
        }
    }
}