{
	"name": "adb_linkedservice_for_databricks_with_no_unity",
	"properties": {
		"description": "Linked service for ADB cluster with Unity disabled.",
		"annotations": [],
		"type": "AzureDatabricks",
		"typeProperties": {
			"domain": "https://eastus2.azuredatabricks.net",
			"accessToken": {
				"type": "AzureKeyVaultSecret",
				"store": {
					"referenceName": "kv_linkedservice_for_keyvault",
					"type": "LinkedServiceReference"
				},
				"secretName": "adb-token-for-pid7bb5"
			},
			"existingClusterId": "1001-133901-4at78mzq"
		}
	},
	"type": "Microsoft.DataFactory/factories/linkedservices"
}